{"cameraMode":{"drawMode":0,"name":"Shaded","section":"Shading Mode"},"sceneLighting":true,"audioPlay":false,"sceneViewState":{"showFog":true,"showMaterialUpdate":false,"showSkybox":true,"showFlares":true,"showImageEffects":true,"showParticleSystems":true},"in2DMode":false,"pivot":{"x":2.1112143993377687,"y":-24.287681579589845,"z":25.918066024780275},"rotation":{"x":-0.4153333008289337,"y":0.0182768777012825,"z":-0.008343440480530262,"w":-0.9094545245170593},"size":15.927577018737793,"orthographic":false}