{"cameraMode":{"drawMode":0,"name":"Shaded","section":"Shading Mode"},"sceneLighting":false,"audioPlay":false,"sceneViewState":{"showFog":true,"showMaterialUpdate":false,"showSkybox":false,"showFlares":true,"showImageEffects":true,"showParticleSystems":true},"in2DMode":false,"pivot":{"x":-18.73940086364746,"y":-12.933871269226075,"z":21.028194427490236},"rotation":{"x":0.27605482935905459,"y":-0.665934681892395,"z":0.29260823130607607,"w":0.628260612487793},"size":1.8432886600494385,"orthographic":false}